Date,ConfirmedCases ,RecoveredCases,DeathCases,ActiveCases,,ConfirmedCases^2,x_confirmed_y_death,y_DeathCases^2,〖[y_i-(β_0+ β_1 x_i)]〗^2,〖(y_i-y_mean)〗^2,,,
"Tuesday, 24 March 2020",26,0,2,24,,676,52,4,7438.080059,107927.8934,,n,315
"Thursday, 26 March 2020",33,3,3,27,,1089,99,9,7299.030704,107271.8458,,Σx,2819014
"Monday, 30 March 2020",41,8,7,26,,1681,287,49,6666.979989,104667.6553,,Σy,104115
"Friday, 3 April 2020",105,13,15,77,,11025,1575,225,5683.542298,99555.27438,,Σ(xy),1443596140
"Tuesday, 7 April 2020",140,28,22,90,,19600,3080,484,4807.976485,95186.94104,,Σ(x^2),44079514838
"Wednesday, 8 April 2020",147,31,25,91,,21609,3675,625,4426.192216,93344.79819,,Σ(y^2),48711279
"Sunday, 12 April 2020",190,35,27,128,,36100,5130,729,4316.115248,92126.70295,,(Σx)^2,7946839932196
"Tuesday, 14 April 2020",205,45,37,123,,42025,7585,1369,3147.705968,86156.22676,,(Σy)^2,10839933225
"Tuesday, 21 April 2020",266,57,48,161,,70756,12768,2304,2186.559395,79819.70295,,x_mean,8949.250794
"Wednesday, 22 April 2020",269,63,49,157,,72361,13181,2401,2101.499528,79255.65533,,y_mean,330.5238095
"Thursday, 23 April 2020",274,63,49,162,,75076,13426,2401,2113.964773,79255.65533,,,
"Friday, 24 April 2020",275,68,52,155,,75625,14300,2704,1849.4321,77575.51247,,slope (a),0.027151484
"Saturday, 25 April 2020",279,76,54,149,,77841,15066,2916,1690.330577,76465.41723,,y-intercept (b),87.53836591
"Monday, 27 April 2020",305,79,55,171,,93025,16775,3025,1666.237185,75913.36961,,R-score,0.985862378
"Tuesday, 28 April 2020",316,79,56,181,,99856,17696,3136,1609.472778,75363.322,,R^2-score,0.971924629
"Wednesday, 29 April 2020",320,83,57,180,,102400,18240,3249,1538.745049,74815.27438,,,
"Thursday, 30 April 2020",325,83,58,184,,105625,18850,3364,1471.688952,74269.22676,,,
"Friday, 1 May 2020",330,93,58,179,,108900,19140,3364,1482.123397,74269.22676,,SSE,401443.9098
"Monday, 4 May 2020",347,100,60,187,,120409,20820,3600,1366.0365,73183.13152,,SST,14298792.57
"Tuesday, 5 May 2020",357,101,60,196,,127449,21420,3600,1386.18056,73183.13152,,SSR,13897348.66
"Wednesday, 6 May 2020",369,102,61,206,,136161,22509,3721,1336.433526,72643.0839,,,
"Thursday, 7 May 2020",376,103,61,212,,141376,22936,3721,1350.365825,72643.0839,,,
"Friday, 8 May 2020",381,115,63,203,,145161,24003,3969,1216.829373,71568.98866,,,
"Saturday, 9 May 2020",402,122,63,217,,161604,25326,3969,1256.933832,71568.98866,,,
"Monday, 11 May 2020",409,126,66,217,,167281,26994,4356,1065.586539,69972.8458,,,
"Tuesday, 12 May 2020",415,129,66,220,,172225,27390,4356,1076.248854,69972.8458,,,
"Wednesday, 13 May 2020",421,140,66,215,,177241,27786,4356,1086.964249,69972.8458,,,
"Saturday, 16 May 2020",458,155,66,237,,209764,30228,4356,1154.215402,69972.8458,,,
"Monday, 18 May 2020",488,170,66,252,,238144,32208,4356,1210.225143,69972.8458,,,
"Tuesday, 19 May 2020",500,176,66,258,,250000,33000,4356,1233.000589,69972.8458,,,
"Wednesday, 20 May 2020",504,186,66,252,,254016,33264,4356,1240.639586,69972.8458,,,
"Thursday, 21 May 2020",504,194,66,244,,254016,33264,4356,1240.639586,69972.8458,,,
"Friday, 22 May 2020",510,195,67,248,,260100,34170,4489,1182.371067,69444.79819,,,
"Saturday, 23 May 2020",524,200,68,256,,274576,35632,4624,1140.125451,68918.75057,,,
"Wednesday, 27 May 2020",555,237,69,249,,308025,38295,4761,1129.460008,68394.70295,,,
"Thursday, 28 May 2020",560,239,71,250,,313600,39760,5041,1007.630568,67352.60771,,,
"Monday, 1 June 2020",613,250,73,290,,375769,44749,5329,972.3312098,66318.51247,,,
"Tuesday, 2 June 2020",625,253,73,299,,390625,45625,5329,992.7568163,66318.51247,,,
"Monday, 8 June 2020",658,301,74,283,,432964,48692,5476,986.2138956,65804.46485,,,
"Tuesday, 9 June 2020",660,306,74,280,,435600,48840,5476,989.6275099,65804.46485,,,
"Wednesday, 10 June 2020",663,324,74,265,,439569,49062,5476,994.7589894,65804.46485,,,
"Thursday, 11 June 2020",664,332,74,258,,440896,49136,5476,996.4724314,65804.46485,,,
"Friday, 12 June 2020",674,344,76,254,,454276,51224,5776,890.3340779,64782.36961,,,
"Saturday, 13 June 2020",681,355,76,250,,463761,51756,5776,901.7124221,64782.36961,,,
"Monday, 15 June 2020",702,386,76,240,,492804,53352,5776,936.2809299,64782.36961,,,
"Tuesday, 16 June 2020",710,389,77,244,,504100,54670,5929,888.9890767,64274.322,,,
"Wednesday, 17 June 2020",721,423,77,221,,519841,55517,5929,906.8883009,64274.322,,,
"Thursday, 18 June 2020",727,428,78,221,,528529,56706,6084,857.1717187,63768.27438,,,
"Friday, 19 June 2020",730,429,79,222,,532900,57670,6241,804.2300191,63264.22676,,,
"Monday, 22 June 2020",747,439,79,229,,558009,59013,6241,830.6226484,63264.22676,,,
"Monday, 6 July 2020",910,524,85,301,,828100,77350,7225,742.3563267,60281.94104,,,
"Tuesday, 7 July 2020",940,563,85,292,,883600,79900,7225,787.4063232,60281.94104,,,
"Wednesday, 8 July 2020",955,565,86,304,,912025,82130,7396,754.4928665,59791.89342,,,
"Thursday, 9 July 2020",971,567,88,316,,942841,85448,7744,670.9372937,58817.79819,,,
"Saturday, 11 July 2020",1000,571,87,342,,1000000,87000,7569,766.7278118,59303.8458,,,
"Monday, 13 July 2020",1044,589,89,366,,1089936,92916,7921,722.777182,58333.75057,,,
"Tuesday, 14 July 2020",1101,619,90,392,,1212201,99090,8100,752.5228683,57851.70295,,,
"Wednesday, 15 July 2020",1144,646,93,405,,1308736,106392,8649,655.3428019,56417.56009,,,
"Thursday, 16 July 2020",1157,655,93,409,,1338649,107601,8649,673.5391802,56417.56009,,,
"Friday, 17 July 2020",1189,660,93,436,,1413721,110577,8649,719.3918375,56417.56009,,,
"Saturday, 18 July 2020",1212,661,94,457,,1468944,113928,8836,699.3890669,55943.51247,,,
"Sunday, 19 July 2020",1286,675,97,514,,1653796,124742,9409,647.9659285,54533.36961,,,
"Monday, 20 July 2020",1327,677,97,553,,1760929,128719,9409,705.8791213,54533.36961,,,
"Tuesday, 21 July 2020",1359,679,97,583,,1846881,131823,9409,752.8017685,54533.36961,,,
"Wednesday, 22 July 2020",1391,688,100,603,,1934881,139100,10000,640.3977231,53141.22676,,,
"Thursday, 23 July 2020",1423,701,101,621,,2024929,143723,10201,633.7770126,52681.17914,,,
"Friday, 24 July 2020",1443,705,103,635,,2082249,148629,10609,562.541529,51767.0839,,,
"Saturday, 25 July 2020",1491,725,107,659,,2223081,159537,11449,441.8920769,49962.89342,,,
"Sunday, 26 July 2020",1521,726,109,686,,2313441,165789,11881,393.4579194,49072.79819,,,
"Monday, 27 July 2020",1570,735,110,725,,2464900,172700,12100,406.6754799,48630.75057,,,
"Tuesday, 28 July 2020",1614,741,111,762,,2604996,179154,12321,414.5646925,48190.70295,,,
"Wednesday, 29 July 2020",1670,741,111,818,,2788900,185370,12321,478.7932551,48190.70295,,,
"Thursday, 30 July 2020",1763,757,115,891,,3108169,202745,13225,416.4225062,46450.51247,,,
"Friday, 31 July 2020",1804,770,119,915,,3254416,214676,14161,306.9379197,44742.322,,,
"Saturday, 1 August 2020",1826,783,119,924,,3334276,217294,14161,328.2248368,44742.322,,,
"Sunday, 2 August 2020",1898,806,124,968,,3602404,235352,15376,227.161668,42652.0839,,,
"Monday, 3 August 2020",1964,807,124,1033,,3857296,243536,15376,284.3904936,42652.0839,,,
"Tuesday, 4 August 2020",2025,813,125,1087,,4100625,253125,15625,306.9546708,42240.03628,,,
"Wednesday, 5 August 2020",2077,830,128,1119,,4313929,265856,16384,253.8285945,41015.89342,,,
"Thursday, 6 August 2020",2122,854,129,1139,,4502884,273738,16641,260.9457673,40611.8458,,,
"Friday, 7 August 2020",2194,868,129,1197,,4813636,283026,16641,327.9258398,40611.8458,,,
"Saturday, 8 August 2020",2231,868,129,1234,,4977361,287799,16641,365.3192949,40611.8458,,,
"Sunday, 9 August 2020",2335,900,132,1303,,5452225,308220,17424,358.6130769,39411.70295,,,
"Monday, 10 August 2020",2385,926,136,1323,,5688225,324360,18496,265.5158233,37839.51247,,,
"Tuesday, 11 August 2020",2416,929,136,1351,,5837056,328576,18496,293.6545701,37839.51247,,,
"Wednesday, 12 August 2020",2486,961,137,1388,,6180196,340582,18769,325.3317892,37451.46485,,,
"Thursday, 13 August 2020",2552,964,138,1450,,6512704,352176,19044,354.5295155,37065.41723,,,
"Friday, 14 August 2020",2617,991,139,1487,,6848689,363763,19321,383.9170246,36681.36961,,,
"Saturday, 15 August 2020",2781,1006,139,1636,,7733961,386559,19321,578.2410932,36681.36961,,,
"Sunday, 16 August 2020",2857,1139,150,1568,,8162449,428550,22500,228.3168425,32588.8458,,,
"Monday, 17 August 2020",2908,1139,150,1619,,8456464,436200,22500,272.0811533,32588.8458,,,
"Tuesday, 18 August 2020",3057,1158,152,1747,,9345249,464664,23104,343.7484278,31870.75057,,,
"Wednesday, 19 August 2020",3115,1307,153,1655,,9703225,476595,23409,365.3923971,31514.70295,,,
"Thursday, 20 August 2020",3131,1308,154,1669,,9803161,482174,23716,344.0900222,31160.65533,,,
"Friday, 21 August 2020",3183,1350,158,1675,,10131489,502914,24964,254.7707866,29764.46485,,,
"Saturday, 22 August 2020",3319,1385,164,1770,,11015761,544316,26896,186.435614,27730.17914,,,
"Sunday, 23 August 2020",3390,1401,164,1825,,11492100,555960,26896,242.7955495,27730.17914,,,
"Monday, 24 August 2020",3470,1489,167,1814,,12040900,579490,27889,217.6810144,26740.03628,,,
"Tuesday, 25 August 2020",3516,1628,169,1719,,12362256,594204,28561,196.0835938,26089.94104,,,
"Wednesday, 26 August 2020",3671,1739,173,1759,,13476241,635083,29929,201.9657449,24813.75057,,,
"Thursday, 27 August 2020",4021,1825,173,2023,,16168441,695633,29929,562.37679,24813.75057,,,
"Friday, 28 August 2020",4045,1873,175,1997,,16362025,707875,30625,500.2433436,24187.65533,,,
"Saturday, 29 August 2020",4196,1934,175,2087,,17606416,734300,30625,700.4488696,24187.65533,,,
"Sunday, 30 August 2020",4366,1984,178,2204,,19061956,777148,31684,788.5845114,23263.51247,,,
"Monday, 31 August 2020",4472,2007,181,2284,,19998784,809432,32761,781.7506561,22357.36961,,,
"Tuesday, 1 September 2020",4516,2214,188,2114,,20394256,849008,35344,490.8205236,20313.03628,,,
"Wednesday, 2 September 2020",4578,2294,193,2091,,20958084,883554,37249,354.8650313,18912.79819,,,
"Friday, 4 September 2020",4717,2852,220,1645,,22250089,1037740,48400,19.25526382,12215.51247,,,
"Saturday, 5 September 2020",4859,2901,223,1735,,23609881,1083557,49729,12.4790595,11561.36961,,,
"Sunday, 6 September 2020",4895,2924,224,1747,,23961025,1096480,50176,12.63886251,11347.322,,,
"Tuesday, 8 September 2020",4995,3245,233,1517,,24950025,1163835,54289,96.82499676,9510.893424,,,
"Wednesday, 9 September 2020",5074,3359,234,1481,,25745476,1187316,54756,75.60306112,9316.845805,,,
"Thursday, 10 September 2020",5149,3424,234,1491,,26512201,1204866,54756,44.33749657,9316.845805,,,
"Saturday, 12 September 2020",5377,3555,239,1583,,28912129,1285103,57121,29.9001427,8376.60771,,,
"Sunday, 13 September 2020",5448,3592,239,1617,,29680704,1302072,57121,12.53405617,8376.60771,,,
"Monday, 14 September 2020",5503,3884,242,1377,,30283009,1331726,58564,25.47236299,7836.464853,,,
"Tuesday, 15 September 2020",5649,4071,247,1331,,31911201,1395303,61009,37.0016545,6976.226757,,,
"Thursday, 17 September 2020",5845,4295,254,1296,,34164025,1484630,64516,60.23634308,5855.893424,,,
"Friday, 18 September 2020",5914,4368,257,1289,,34975396,1519898,66049,78.99219166,5405.750567,,,
"Saturday, 19 September 2020",5976,4448,260,1268,,35712576,1553760,67600,104.1290266,4973.60771,,,
"Sunday, 20 September 2020",6058,4487,263,1308,,36699364,1593254,69169,120.5151973,4559.464853,,,
"Monday, 21 September 2020",6119,5132,263,724,,37442161,1609297,69169,86.89410662,4559.464853,,,
"Tuesday, 22 September 2020",6188,5160,265,763,,38291344,1639820,70225,89.26939817,4293.369615,,,
"Wednesday, 23 September 2020",6248,5190,268,790,,39037504,1674464,71824,117.0542091,3909.226757,,,
"Friday, 25 September 2020",6407,5247,276,884,,41049649,1768332,76176,210.3101308,2972.845805,,,
"Saturday, 26 September 2020",6455,5292,279,884,,41667025,1800945,77841,262.4011886,2654.702948,,,
"Sunday, 27 September 2020",6493,5316,279,898,,42159049,1811547,77841,230.0392742,2654.702948,,,
"Monday, 28 September 2020",6552,5425,283,844,,42928704,1854216,80089,308.533022,2258.512472,,,
"Tuesday, 29 September 2020",6603,5477,288,838,,43599609,1901664,82944,448.6085977,1808.274376,,,
"Wednesday, 30 September 2020",6708,5546,291,871,,44997264,1952028,84681,454.9465683,1562.131519,,,
"Thursday, 1 October 2020",6750,5589,294,867,,45562500,1984500,86436,537.7350158,1333.988662,,,
"Friday, 2 October 2020",6808,5638,296,874,,46348864,2015168,87616,557.6364901,1191.893424,,,
"Saturday, 3 October 2020",6862,5653,296,913,,47087044,2031152,87616,490.5404558,1191.893424,,,
"Sunday, 4 October 2020",6903,5665,296,942,,47651409,2043288,87616,442.4685766,1191.893424,,,
"Monday, 5 October 2020",6931,5707,296,928,,48038761,2051576,87616,411.063277,1191.893424,,,
"Tuesday, 6 October 2020",7008,5888,298,822,,49112064,2088384,88804,407.3951148,1057.798186,,,
"Wednesday, 7 October 2020",7118,6037,303,778,,50665924,2156754,91809,492.7231414,757.5600907,,,
"Thursday, 8 October 2020",7216,6085,307,824,,52070656,2215312,94249,553.9678876,553.3696145,,,
"Friday, 9 October 2020",7248,6199,307,742,,52533504,2225136,94249,513.8234862,553.3696145,,,
"Saturday, 10 October 2020",7315,6222,307,786,,53509225,2245705,94249,434.6610139,553.3696145,,,
"Sunday, 11 October 2020",7333,6297,307,729,,53772889,2251231,94249,414.5214048,553.3696145,,,
"Monday, 12 October 2020",7359,6314,307,738,,54154881,2259213,94249,386.2742186,553.3696145,,,
"Tuesday, 13 October 2020",7424,6367,311,746,,55115776,2308864,96721,479.1289189,381.1791383,,,
"Wednesday, 14 October 2020",7459,6389,312,758,,55636681,2327208,97344,481.3070712,343.1315193,,,
"Thursday, 15 October 2020",7474,6797,317,360,,55860676,2369258,100489,703.9172785,182.893424,,,
"Friday, 16 October 2020",7487,6819,317,351,,56055169,2373379,100489,685.3122988,182.893424,,,
"Saturday, 17 October 2020",7511,6889,317,305,,56415121,2380987,100489,651.6192802,182.893424,,,
"Sunday, 18 October 2020",7545,6930,318,297,,56927025,2399310,101124,655.5486365,156.845805,,,
"Monday, 19 October 2020",7570,6958,318,294,,57304900,2407260,101124,621.250487,156.845805,,,
"Wednesday, 21 October 2020",7609,7023,320,266,,57896881,2434880,102400,669.0493889,110.7505669,,,
"Tuesday, 27 October 2020",7752,7149,332,285,,60093504,2573664,110224,1154.866498,2.179138322,,,
"Monday, 2 November 2020",7897,7315,336,246,,62362609,2653392,112896,1159.154733,29.98866213,,,
"Wednesday, 4 November 2020",8067,7481,339,247,,65076489,2734713,114921,1051.744411,71.84580499,,,
"Thursday, 5 November 2020",8139,7535,341,263,,66243321,2775399,116281,1054.671239,109.7505669,,,
"Sunday, 8 November 2020",8238,7588,345,305,,67864644,2842110,119025,1141.609031,209.5600907,,,
"Thursday, 12 November 2020",8390,7767,347,276,,70392100,2911330,120409,1002.398639,271.4648526,,,
"Friday, 13 November 2020",8397,7780,348,269,,70509609,2922156,121104,1054.341118,305.4172336,,,
"Monday, 16 November 2020",8524,7935,350,239,,72658576,2983400,122500,962.3881093,379.3219955,,,
"Tuesday, 17 November 2020",8574,8014,350,210,,73513476,3000900,122500,880.0007482,379.3219955,,,
"Wednesday, 18 November 2020",8599,8031,353,215,,73942801,3035447,124609,1023.10544,505.1791383,,,
"Thursday, 19 November 2020",8606,8062,353,191,,74063236,3037918,124609,1010.983012,505.1791383,,,
"Friday, 20 November 2020",8640,8111,354,175,,74649600,3058560,125316,1015.875927,551.1315193,,,
"Sunday, 22 November 2020",8659,8128,354,177,,74978281,3065286,125316,983.257083,551.1315193,,,
"Monday, 23 November 2020",8697,8183,356,158,,75637809,3096132,126736,1044.916872,649.0362812,,,
"Tuesday, 24 November 2020",8753,8214,358,181,,76615009,3133574,128164,1076.147741,754.9410431,,,
"Wednesday, 25 November 2020",8788,8236,358,194,,77228944,3146104,128164,1014.702092,754.9410431,,,
"Thursday, 26 November 2020",8820,8262,360,198,,77792400,3175200,129600,1088.045941,868.845805,,,
"Friday, 27 November 2020",8845,8296,360,189,,78234025,3184200,129600,1043.726372,868.845805,,,
"Saturday, 28 November 2020",8856,8302,360,194,,78428736,3188160,129600,1024.517694,868.845805,,,
"Monday, 30 November 2020",8872,8337,360,175,,78712384,3193920,129600,996.8962709,868.845805,,,
"Tuesday, 1 December 2020",8912,8402,361,149,,79423744,3217232,130321,991.4692573,928.7981859,,,
"Wednesday, 2 December 2020",8915,8405,362,148,,79477225,3227230,131044,1050.158582,990.7505669,,,
"Thursday, 3 December 2020",8952,8434,363,155,,80138304,3249576,131769,1049.860147,1054.702948,,,
"Friday, 4 December 2020",9012,8467,365,180,,81216144,3289380,133225,1074.033897,1188.60771,,,
"Saturday, 5 December 2020",9029,8477,365,187,,81522841,3295585,133225,1043.99304,1188.60771,,,
"Sunday, 6 December 2020",9045,8486,366,193,,81812025,3310470,133956,1080.861451,1258.560091,,,
"Tuesday, 8 December 2020",9137,8563,367,207,,83484769,3353279,134689,984.611569,1330.512472,,,
"Wednesday, 9 December 2020",9178,8566,367,245,,84235684,3368326,134689,915.988987,1330.512472,,,
"Thursday, 10 December 2020",9222,8598,367,257,,85045284,3384474,134689,845.1023801,1330.512472,,,
"Friday, 11 December 2020",9250,8618,367,265,,85562500,3394750,134689,801.4789226,1330.512472,,,
"Sunday, 13 December 2020",9263,8676,367,220,,85803169,3399521,134689,781.6181038,1330.512472,,,
"Monday, 14 December 2020",9317,8728,368,221,,86806489,3428656,135424,755.7690258,1404.464853,,,
"Tuesday, 15 December 2020",9359,8757,369,233,,87590881,3453471,136161,748.0712537,1480.417234,,,
"Wednesday, 16 December 2020",9388,8786,373,229,,88134544,3501724,139129,934.127424,1804.226757,,,
"Thursday, 17 December 2020",9443,8843,377,223,,89170249,3560011,142129,1093.635918,2160.036281,,,
"Friday, 18 December 2020",9471,8872,379,220,,89699841,3589509,143641,1177.170955,2349.941043,,,
"Saturday, 19 December 2020",9487,8880,380,227,,90003169,3605060,144400,1216.300589,2447.893424,,,
"Monday, 21 December 2020",9542,8916,381,245,,91049764,3635502,145161,1182.133588,2547.845805,,,
"Tuesday, 22 December 2020",9579,8954,382,243,,91757241,3659178,145924,1181.816955,2649.798186,,,
"Wednesday, 23 December 2020",9610,9034,383,193,,92352100,3680630,146689,1192.726226,2753.750567,,,
"Friday, 25 December 2020",9643,9079,383,181,,92987449,3693269,146689,1131.640833,2753.750567,,,
"Saturday, 26 December 2020",9646,9094,383,169,,93045316,3694418,146689,1126.167234,2753.750567,,,
"Sunday, 27 December 2020",9651,9110,383,158,,93141801,3696333,146689,1117.074056,2753.750567,,,
"Monday, 28 December 2020",9672,9142,385,145,,93547584,3723720,148225,1214.695129,2967.655329,,,
"Thursday, 31 December 2020",9740,9181,388,171,,94867600,3779120,150544,1296.444689,3303.512472,,,
"Friday, 1 January 2021",9746,9189,388,169,,94984516,3781448,150544,1284.739775,3303.512472,,,
"Saturday, 2 January 2021",9761,9197,388,176,,95277121,3787268,150544,1255.709709,3303.512472,,,
"Sunday, 3 January 2021",9766,9253,388,125,,95374756,3789208,150544,1246.10674,3303.512472,,,
"Monday, 4 January 2021",9827,9287,389,151,,96569929,3822703,151321,1200.206498,3419.464853,,,
"Wednesday, 6 January 2021",9838,9302,390,146,,96786244,3836820,152100,1249.292369,3537.417234,,,
"Thursday, 7 January 2021",9891,9326,392,173,,97831881,3877272,153664,1289.262492,3779.321995,,,
"Friday, 8 January 2021",9915,9336,394,185,,98307225,3906510,155236,1387.910134,4029.226757,,,
"Saturday, 9 January 2021",9928,9355,394,179,,98565184,3911632,155236,1361.735215,4029.226757,,,
"Monday, 11 January 2021",9950,9375,395,180,,99002500,3930250,156025,1391.615572,4157.179138,,,
"Tuesday, 12 January 2021",9951,9377,395,179,,99022401,3930645,156025,1389.590571,4157.179138,,,
"Thursday, 14 January 2021",10015,9438,399,178,,100300225,3995985,159201,1563.373443,4688.988662,,,
"Friday, 15 January 2021",10024,9461,400,163,,100480576,4009600,160000,1623.699446,4826.941043,,,
"Sunday, 17 January 2021",10043,9467,402,174,,100861849,4037286,161604,1745.507897,5108.845805,,,
"Monday, 18 January 2021",10070,9491,404,175,,101404900,4068280,163216,1852.974116,5398.750567,,,
"Wednesday, 20 January 2021",10146,9516,412,218,,102941316,4180152,169744,2399.302257,6638.369615,,,
"Friday, 22 January 2021",10201,9602,414,185,,104060401,4223214,171396,2449.194911,6968.274376,,,
"Saturday, 23 January 2021",10219,9615,415,189,,104427961,4240885,172225,2500.061467,7136.226757,,,
"Sunday, 24 January 2021",10231,9621,415,195,,104673361,4245865,172225,2467.585442,7136.226757,,,
"Tuesday, 26 January 2021",10287,9673,416,198,,105822369,4279392,173056,2416.146558,7306.179138,,,
"Wednesday, 27 January 2021",10335,9717,416,202,,106812225,4299360,173056,2289.722266,7306.179138,,,
"Thursday, 28 January 2021",10350,9735,417,198,,107122500,4315950,173889,2346.798872,7478.131519,,,
"Friday, 29 January 2021",10377,9766,419,192,,107682129,4347963,175561,2471.151718,7828.036281,,,
"Sunday, 31 January 2021",10398,9811,420,167,,108118404,4367160,176400,2514.069635,8005.988662,,,
"Monday, 1 February 2021",10450,9827,420,203,,109202500,4389000,176400,2374.478579,8005.988662,,,
"Tuesday, 2 February 2021",10481,9836,420,225,,109851361,4402020,176400,2293.157657,8005.988662,,,
"Thursday, 4 February 2021",10548,9904,424,220,,111260304,4472352,179776,2506.782222,8737.798186,,,
"Saturday, 6 February 2021",10587,9939,426,222,,112084569,4510062,181476,2601.904655,9115.702948,,,
"Monday, 8 February 2021",10601,9967,427,207,,112381201,4526627,182329,2665.52758,9307.655329,,,
"Wednesday, 10 February 2021",10690,10066,428,196,,114276100,4575320,183184,2521.271606,9501.60771,,,
"Thursday, 11 February 2021",10749,10106,431,212,,115541001,4632819,185761,2663.625948,10095.46485,,,
"Sunday, 14 February 2021",10789,10147,431,211,,116402521,4650059,185761,2552.701711,10095.46485,,,
"Monday, 15 February 2021",10815,10200,431,184,,116964225,4661265,185761,2481.865998,10095.46485,,,
"Tuesday, 16 February 2021",10843,10217,433,193,,117570649,4695019,187489,2606.928389,10501.36961,,,
"Wednesday, 17 February 2021",10864,10235,433,196,,118026496,4704112,187489,2549.028774,10501.36961,,,
"Friday, 19 February 2021",10958,10334,430,194,,120077764,4711940,184900,2019.214229,9895.512472,,,
"Sunday, 21 February 2021",10994,10341,431,222,,120868036,4738414,185761,2021.241027,10095.46485,,,
"Monday, 22 February 2021",11032,10384,432,216,,121705024,4765824,186624,2018.386612,10297.41723,,,
"Wednesday, 24 February 2021",11080,10427,433,220,,122766400,4797640,187489,1991.228779,10501.36961,,,
"Saturday, 27 February 2021",11159,10477,435,247,,124523281,4854165,189225,1978.311992,10915.27438,,,
"Sunday, 28 February 2021",11171,10493,435,243,,124791241,4859385,189225,1949.434557,10915.27438,,,
"Monday, 1 March 2021",11219,10551,437,231,,125865961,4902703,190969,2011.444483,11337.17914,,,
"Tuesday, 2 March 2021",11235,10556,437,242,,126225225,4909695,190969,1972.666152,11337.17914,,,
"Wednesday, 3 March 2021",11378,10721,441,216,,129458884,5017698,194481,1983.102961,12204.98866,,,
"Thursday, 4 March 2021",11455,10754,441,260,,131217025,5051655,194481,1801.270728,12204.98866,,,
"Saturday, 6 March 2021",11594,10846,444,304,,134420836,5147736,197136,1736.165853,12876.8458,,,
"Monday, 8 March 2021",11680,10927,446,307,,136422400,5209280,198916,1708.358685,13334.75057,,,
"Tuesday, 9 March 2021",11767,10961,446,360,,138462289,5248082,198916,1518.67,13334.75057,,,
"Wednesday, 10 March 2021",11852,11035,447,370,,140469904,5297844,199809,1418.444366,13566.70295,,,
"Thursday, 11 March 2021",11932,11095,447,390,,142372624,5333604,199809,1259.548748,13566.70295,,,
"Friday, 12 March 2021",12103,11146,449,508,,146482609,5434247,201601,1078.93973,14036.60771,,,
"Saturday, 13 March 2021",12152,11190,449,513,,147671104,5456248,201601,993.3083831,14036.60771,,,
"Sunday, 14 March 2021",12307,11212,451,644,,151462249,5550457,203401,858.9773379,14514.51247,,,
"Monday, 15 March 2021",12442,11317,453,672,,154803364,5636226,205209,764.1279726,15000.41723,,,
"Tuesday, 16 March 2021",12563,11377,453,733,,157828969,5691039,205209,593.2895187,15000.41723,,,
"Wednesday, 17 March 2021",12673,11432,459,782,,160604929,5816907,210681,749.1646266,16506.13152,,,
"Thursday, 18 March 2021",12824,11510,459,855,,164454976,5886216,210681,541.5393346,16506.13152,,,
"Saturday, 20 March 2021",13016,11612,464,940,,169416256,6039424,215296,531.6673382,17815.89342,,,
"Sunday, 21 March 2021",13128,11662,464,1002,,172344384,6091392,215296,400.6781451,17815.89342,,,
"Monday, 22 March 2021",13341,11762,471,1108,,177982281,6283611,221841,450.8691775,19733.56009,,,
"Tuesday, 23 March 2021",13540,11897,474,1169,,183331600,6417960,224676,354.5890431,20585.41723,,,
"Wednesday, 24 March 2021",13648,11922,476,1250,,186267904,6496448,226576,320.3446519,21163.322,,,
"Thursday, 25 March 2021",13798,11980,483,1335,,190384804,6664434,233289,433.6994459,23248.98866,,,
"Friday, 26 March 2021",14149,12095,498,1556,,200194201,7046202,248004,691.4417945,28048.27438,,,
"Sunday, 28 March 2021",14641,12254,505,1882,,214358881,7393705,255025,397.4740204,30441.94104,,,
"Monday, 29 March 2021",14863,12318,508,2037,,220908769,7550404,258064,285.9183714,31497.79819,,,
"Tuesday, 30 March 2021",15015,12428,519,2068,,225450225,7792785,269361,565.5880578,35523.27438,,,
"Wednesday, 31 March 2021",15182,12547,534,2111,,230493124,8107188,285156,1172.911628,41402.56009,,,
"Thursday, 1 April 2021",15443,12554,532,2357,,238486249,8215676,283024,633.0890039,40592.65533,,,
"Friday, 2 April 2021",15790,12597,544,2649,,249324100,8589760,295936,769.4906723,45572.0839,,,
"Saturday, 3 April 2021",16057,12766,552,2739,,257827249,8863464,304704,811.6942619,49051.70295,,,
"Sunday, 4 April 2021",16214,12844,554,2816,,262893796,8982556,306916,687.8799457,49941.60771,,,
"Monday, 5 April 2021",16479,13050,556,2873,,271557441,9162324,309136,442.3585733,50839.51247,,,
"Tuesday, 6 April 2021",16697,13087,563,3047,,278789809,9400411,316969,488.9979707,54045.17914,,,
"Wednesday, 7 April 2021",16990,13208,568,3214,,288660100,9650320,322624,367.0256521,56394.94104,,,
"Thursday, 8 April 2021",17073,13332,570,3171,,291487329,9731610,324900,357.3740843,57348.8458,,,
"Friday, 9 April 2021",17271,13496,574,3201,,298287441,9913554,329476,307.2429288,59280.65533,,,
"Saturday, 10 April 2021",17447,13636,576,3235,,304397809,10049472,331776,217.5532128,60258.56009,,,
"Sunday, 11 April 2021",17760,13720,585,3455,,315417600,10389600,342225,232.6012534,64758.13152,,,
"Monday, 12 April 2021",17947,13863,586,3498,,322094809,10516942,343396,124.8570013,65268.0839,,,
"Wednesday, 14 April 2021",18606,16469,605,1532,,346183236,11256630,366025,150.8257787,75337.17914,,,
"Thursday, 15 April 2021",18980,16685,611,1684,,360240400,11596780,373321,66.03934466,78666.89342,,,
"Friday, 16 April 2021",19110,16742,614,1754,,365192100,11733540,376996,57.71086222,80358.75057,,,
"Saturday, 17 April 2021",19354,17028,618,1708,,374577316,11960772,381924,24.71883861,82642.56009,,,
"Sunday, 18 April 2021",19446,17099,619,1728,,378146916,12037074,383161,12.06775745,83218.51247,,,
"Tuesday, 20 April 2021",20015,17534,626,1855,,400600225,12529390,391876,24.75387725,87306.17914,,,
"Wednesday, 21 April 2021",20386,17810,627,1949,,415588996,12782022,393129,197.361127,87898.13152,,,
"Thursday, 22 April 2021",20547,17951,634,1962,,422179209,13026798,401956,130.4144944,92097.79819,,,
"Friday, 23 April 2021",21031,18222,649,2160,,442302961,13649119,421201,91.41721537,101427.0839,,,
"Saturday, 24 April 2021",21408,18995,655,1758,,458302464,14022240,429025,190.3667198,105284.7982,,,
"Sunday, 25 April 2021",21563,19055,660,1848,,464962969,14231580,435600,169.1514775,108554.5601,,,
"Tuesday, 27 April 2021",22139,19506,669,1964,,490135321,14810991,447561,385.9291598,114566.1315,,,
"Thursday, 29 April 2021",22760,20667,679,1414,,518017600,15454040,461041,702.5760737,121435.6553,,,
"Friday, 30 April 2021",22973,21219,679,1075,,527758729,15598667,461041,1042.606502,121435.6553,,,
"Saturday, 1 May 2021",23306,21628,685,993,,543169636,15964610,469225,1248.269818,125653.3696,,,
"Sunday, 2 May 2021",23328,21767,685,876,,544195584,15979680,469225,1290.83518,125653.3696,,,
"Monday, 3 May 2021",23717,22190,690,837,,562496089,16364730,476100,1721.430242,129223.1315,,,
"Wednesday, 5 May 2021",24337,22714,697,926,,592289569,16962889,485809,2634.157346,134304.7982,,,
"Thursday, 6 May 2021",24543,22968,710,865,,602358849,17425530,504100,1928.724704,144002.1791,,,
"Friday, 7 May 2021",24929,23248,719,962,,621455041,17923951,516961,2060.953104,150913.7506,,,
"Sunday, 9 May 2021",25124,23474,729,921,,631215376,18315396,531441,1655.860091,158783.2744,,,
"Monday, 10 May 2021",25415,23859,740,816,,645922225,18807100,547600,1413.259422,167670.7506,,,
"Tuesday, 11 May 2021",25728,24116,741,871,,661929984,19064448,549081,2033.266587,168490.7029,,,
"Wednesday, 12 May 2021",26749,25028,753,968,,715509001,20141997,567009,3698.27242,178486.1315,,,
"Thursday, 13 May 2021",26849,25301,753,795,,720868801,20217297,567009,4035.879393,178486.1315,,,
"Friday, 14 May 2021",27049,25627,758,664,,731648401,20503142,574564,4090.736841,182735.8934,,,
"Sunday, 16 May 2021",27198,25950,763,485,,739731204,20752074,582169,3969.559401,187035.6553,,,
"Monday, 17 May 2021",27373,26103,767,503,,749281129,20995091,588289,4064.821073,190511.4649,,,
"Tuesday, 18 May 2021",27670,26472,772,426,,765628900,21361240,595984,4464.904407,194901.2268,,,
"Thursday, 20 May 2021",28355,27085,793,477,,804006025,22485515,628849,4149.769815,213884.2268,,,
"Friday, 21 May 2021",28670,27345,799,526,,821968900,22907330,638401,4485.171716,219469.941,,,
"Saturday, 22 May 2021",28754,27419,800,535,,826792516,23003200,640000,4658.355886,220407.8934,,,
"Sunday, 23 May 2021",28800,27518,800,482,,829440000,23040000,640000,4830.405348,220407.8934,,,
"Monday, 24 May 2021",29003,27635,806,562,,841174009,23376418,649636,4762.776079,226077.6077,,,
"Tuesday, 25 May 2021",29224,27837,808,579,,854042176,23612992,652864,5330.94884,227983.5125,,,
"Wednesday, 26 May 2021",29438,28016,813,609,,866595844,23933094,660969,5449.94823,232783.2744,,,
"Thursday, 27 May 2021",29621,28235,818,568,,877403641,24229978,669124,5445.331037,237633.0363,,,
"Friday, 28 May 2021",29734,28379,822,533,,884110756,24441348,675684,5308.667624,241548.8458,,,
"Saturday, 29 May 2021",29877,28566,825,486,,892635129,24648525,680625,5438.06933,244506.7029,,,
"Sunday, 30 May 2021",29894,28619,825,450,,893651236,24662550,680625,5506.358513,244506.7029,,,
"Monday, 31 May 2021",30022,28684,826,512,,901320484,24798172,682276,5879.857915,245496.6553,,,
